{
    "luis_schema_version": "3.2.0",
    "versionId": "0.1",
    "name": "Home Automation",
    "desc": "Home Automation LUIS application - Bot Builder Samples",
    "culture": "en-us",
    "tokenizerVersion": "1.0.0",
    "intents": [
      {
        "name": "HomeAutomation"
      },
      {
        "name": "None"
      }
    ],
    "entities": [
      {
        "name": "Device",
        "roles": []
      },
      {
        "name": "deviceProperty",
        "roles": []
      },
      {
        "name": "Room",
        "roles": []
      }
    ],
    "composites": [],
    "closedLists": [
      {
        "name": "Operation",
        "subLists": [
          {
            "canonicalForm": "off",
            "list": [
              "off",
              "turn off",
              "switch off",
              "lock",
              "out",
              "shut down",
              "stop"
            ]
          },
          {
            "canonicalForm": "on",
            "list": [
              "on",
              "turn on",
              "switch on",
              "unlock",
              "un lock",
              "boot up",
              "start"
            ]
          }
        ],
        "roles": []
      }
    ],
    "patternAnyEntities": [
      {
        "name": "Device_PatternAny",
        "roles": [],
        "explicitList": []
      },
      {
        "name": "Room_PatternAny",
        "roles": [],
        "explicitList": []
      }
    ],
    "regex_entities": [],
    "prebuiltEntities": [
      {
        "name": "number",
        "roles": []
      }
    ],
    "model_features": [],
    "regex_features": [],
    "patterns": [
      {
        "pattern": "{Device_PatternAny} in {Room_PatternAny} on [please]",
        "intent": "HomeAutomation"
      },
      {
        "pattern": "{Device_PatternAny} on [please]",
        "intent": "HomeAutomation"
      },
      {
        "pattern": "turn off {Device_PatternAny} in {Room_PatternAny}",
        "intent": "HomeAutomation"
      },
      {
        "pattern": "turn on {Device_PatternAny} in {Room_PatternAny}",
        "intent": "HomeAutomation"
      },
      {
        "pattern": "turn on {Device_PatternAny}",
        "intent": "HomeAutomation"
      },
      {
        "pattern": "{Device_PatternAny} in {Room_PatternAny} off [please]",
        "intent": "HomeAutomation"
      },
      {
        "pattern": "{Device_PatternAny} off [please]",
        "intent": "HomeAutomation"
      }
    ],
    "utterances": [
      {
        "text": "breezeway on please",
        "intent": "HomeAutomation",
        "entities": [
          {
            "entity": "Room",
            "startPos": 0,
            "endPos": 8
          }
        ]
      },
      {
        "text": "change temperature to seventy two degrees",
        "intent": "HomeAutomation",
        "entities": [
          {
            "entity": "deviceProperty",
            "startPos": 7,
            "endPos": 17
          }
        ]
      },
      {
        "text": "coffee bar on please",
        "intent": "HomeAutomation",
        "entities": [
          {
            "entity": "Device",
            "startPos": 0,
            "endPos": 9
          }
        ]
      },
      {
        "text": "decrease temperature for me please",
        "intent": "HomeAutomation",
        "entities": [
          {
            "entity": "deviceProperty",
            "startPos": 9,
            "endPos": 19
          }
        ]
      },
      {
        "text": "dim kitchen lights to 25 .",
        "intent": "HomeAutomation",
        "entities": [
          {
            "entity": "Room",
            "startPos": 4,
            "endPos": 10
          },
          {
            "entity": "Device",
            "startPos": 12,
            "endPos": 17
          }
        ]
      },
      {
        "text": "fish pond off please",
        "intent": "HomeAutomation",
        "entities": [
          {
            "entity": "Device",
            "startPos": 0,
            "endPos": 8
          }
        ]
      },
      {
        "text": "fish pond on please",
        "intent": "HomeAutomation",
        "entities": [
          {
            "entity": "Device",
            "startPos": 0,
            "endPos": 8
          }
        ]
      },
      {
        "text": "illuminate please",
        "intent": "HomeAutomation",
        "entities": [
          {
            "entity": "Device",
            "startPos": 0,
            "endPos": 9
          }
        ]
      },
      {
        "text": "living room lamp on please",
        "intent": "HomeAutomation",
        "entities": [
          {
            "entity": "Room",
            "startPos": 0,
            "endPos": 10
          },
          {
            "entity": "Device",
            "startPos": 12,
            "endPos": 15
          }
        ]
      },
      {
        "text": "living room lamps off please",
        "intent": "HomeAutomation",
        "entities": [
          {
            "entity": "Room",
            "startPos": 0,
            "endPos": 10
          },
          {
            "entity": "Device",
            "startPos": 12,
            "endPos": 16
          }
        ]
      },
      {
        "text": "lock the doors for me please",
        "intent": "HomeAutomation",
        "entities": [
          {
            "entity": "Device",
            "startPos": 9,
            "endPos": 13
          }
        ]
      },
      {
        "text": "lower your volume",
        "intent": "HomeAutomation",
        "entities": [
          {
            "entity": "deviceProperty",
            "startPos": 11,
            "endPos": 16
          }
        ]
      },
      {
        "text": "make camera 1 off please",
        "intent": "HomeAutomation",
        "entities": [
          {
            "entity": "Device",
            "startPos": 5,
            "endPos": 12
          }
        ]
      },
      {
        "text": "make some coffee",
        "intent": "HomeAutomation",
        "entities": [
          {
            "entity": "Device",
            "startPos": 10,
            "endPos": 15
          }
        ]
      },
      {
        "text": "play dvd",
        "intent": "HomeAutomation",
        "entities": [
          {
            "entity": "Device",
            "startPos": 5,
            "endPos": 7
          }
        ]
      },
      {
        "text": "set lights out in bedroom",
        "intent": "HomeAutomation",
        "entities": [
          {
            "entity": "Device",
            "startPos": 4,
            "endPos": 9
          },
          {
            "entity": "Room",
            "startPos": 18,
            "endPos": 24
          }
        ]
      },
      {
        "text": "set lights to bright",
        "intent": "HomeAutomation",
        "entities": [
          {
            "entity": "Device",
            "startPos": 4,
            "endPos": 9
          },
          {
            "entity": "deviceProperty",
            "startPos": 14,
            "endPos": 19
          }
        ]
      },
      {
        "text": "set lights to concentrate",
        "intent": "HomeAutomation",
        "entities": [
          {
            "entity": "Device",
            "startPos": 4,
            "endPos": 9
          },
          {
            "entity": "deviceProperty",
            "startPos": 14,
            "endPos": 24
          }
        ]
      },
      {
        "text": "shut down my work computer",
        "intent": "HomeAutomation",
        "entities": [
          {
            "entity": "Device",
            "startPos": 18,
            "endPos": 25
          }
        ]
      },
      {
        "text": "snap switch fan fifty percent",
        "intent": "HomeAutomation",
        "entities": [
          {
            "entity": "Device",
            "startPos": 12,
            "endPos": 14
          }
        ]
      },
      {
        "text": "start master bedroom light.",
        "intent": "HomeAutomation",
        "entities": [
          {
            "entity": "Room",
            "startPos": 6,
            "endPos": 19
          },
          {
            "entity": "Device",
            "startPos": 21,
            "endPos": 25
          }
        ]
      },
      {
        "text": "theater on please",
        "intent": "HomeAutomation",
        "entities": [
          {
            "entity": "Room",
            "startPos": 0,
            "endPos": 6
          }
        ]
      },
      {
        "text": "turn dimmer off",
        "intent": "HomeAutomation",
        "entities": [
          {
            "entity": "Device",
            "startPos": 5,
            "endPos": 10
          }
        ]
      },
      {
        "text": "turn off ac please",
        "intent": "HomeAutomation",
        "entities": [
          {
            "entity": "Device",
            "startPos": 9,
            "endPos": 10
          }
        ]
      },
      {
        "text": "turn off foyer lights",
        "intent": "HomeAutomation",
        "entities": [
          {
            "entity": "Room",
            "startPos": 9,
            "endPos": 13
          },
          {
            "entity": "Device",
            "startPos": 15,
            "endPos": 20
          }
        ]
      },
      {
        "text": "turn off living room light",
        "intent": "HomeAutomation",
        "entities": [
          {
            "entity": "Room",
            "startPos": 9,
            "endPos": 19
          },
          {
            "entity": "Device",
            "startPos": 21,
            "endPos": 25
          }
        ]
      },
      {
        "text": "turn off staircase",
        "intent": "HomeAutomation",
        "entities": [
          {
            "entity": "Device",
            "startPos": 9,
            "endPos": 17
          }
        ]
      },
      {
        "text": "turn off venice lamp",
        "intent": "HomeAutomation",
        "entities": [
          {
            "entity": "Device",
            "startPos": 16,
            "endPos": 19
          }
        ]
      },
      {
        "text": "turn on bathroom heater",
        "intent": "HomeAutomation",
        "entities": [
          {
            "entity": "Room",
            "startPos": 8,
            "endPos": 15
          },
          {
            "entity": "Device",
            "startPos": 17,
            "endPos": 22
          }
        ]
      },
      {
        "text": "turn on external speaker",
        "intent": "HomeAutomation",
        "entities": [
          {
            "entity": "Device",
            "startPos": 8,
            "endPos": 23
          }
        ]
      },
      {
        "text": "turn on kitchen faucet",
        "intent": "HomeAutomation",
        "entities": [
          {
            "entity": "Room",
            "startPos": 8,
            "endPos": 14
          },
          {
            "entity": "Device",
            "startPos": 16,
            "endPos": 21
          }
        ]
      },
      {
        "text": "turn on light in bedroom",
        "intent": "HomeAutomation",
        "entities": [
          {
            "entity": "Device",
            "startPos": 8,
            "endPos": 12
          },
          {
            "entity": "Room",
            "startPos": 17,
            "endPos": 23
          }
        ]
      },
      {
        "text": "turn on my bedroom lights.",
        "intent": "HomeAutomation",
        "entities": [
          {
            "entity": "Room",
            "startPos": 11,
            "endPos": 17
          },
          {
            "entity": "Device",
            "startPos": 19,
            "endPos": 24
          }
        ]
      },
      {
        "text": "turn on the furnace room lights",
        "intent": "HomeAutomation",
        "entities": [
          {
            "entity": "Room",
            "startPos": 12,
            "endPos": 23
          },
          {
            "entity": "Device",
            "startPos": 25,
            "endPos": 30
          }
        ]
      },
      {
        "text": "turn on the internet in my bedroom please",
        "intent": "HomeAutomation",
        "entities": [
          {
            "entity": "Room",
            "startPos": 27,
            "endPos": 33
          }
        ]
      },
      {
        "text": "turn on thermostat please",
        "intent": "HomeAutomation",
        "entities": [
          {
            "entity": "Device",
            "startPos": 8,
            "endPos": 17
          }
        ]
      },
      {
        "text": "turn the fan to high",
        "intent": "HomeAutomation",
        "entities": [
          {
            "entity": "Device",
            "startPos": 9,
            "endPos": 11
          }
        ]
      },
      {
        "text": "turn thermostat on 70.",
        "intent": "HomeAutomation",
        "entities": [
          {
            "entity": "Device",
            "startPos": 5,
            "endPos": 14
          }
        ]
      }
    ],
    "settings": []
  }